t_s,gx,gz,imu_rpm,wheel_rpm,error,duty,state
0.050,0.0000,0.0000,0.000,0.000,0.000,-0.000,HOLD
0.103,0.0000,-0.0020,0.013,0.000,-0.013,-0.000,HOLD
0.155,0.0020,0.0000,0.013,0.000,-0.013,-0.000,HOLD
0.207,0.0000,-0.0020,0.013,0.000,-0.013,-0.000,HOLD
0.258,0.0039,0.0020,0.013,0.000,-0.013,-0.000,HOLD
0.311,0.0020,0.0000,0.013,0.000,-0.013,-0.000,HOLD
0.363,0.0020,0.0000,0.013,0.000,-0.013,-0.000,HOLD
0.415,0.0000,0.0000,0.000,0.000,0.000,-0.000,HOLD
0.467,0.0020,0.0020,0.000,0.000,0.000,-0.000,HOLD
0.518,0.0039,0.0020,0.013,0.000,-0.013,-0.000,HOLD
0.571,0.0020,0.0000,0.013,0.000,-0.013,-0.000,HOLD
0.623,-0.0020,0.0020,-0.026,0.000,0.026,-0.000,HOLD
0.675,0.0078,0.0000,0.053,0.000,-0.053,-0.000,HOLD
0.727,0.0039,0.0020,0.013,0.000,-0.013,-0.000,HOLD
0.778,0.0000,-0.0020,0.013,0.000,-0.013,-0.000,HOLD
0.830,-0.0059,0.0039,-0.066,0.000,0.066,-0.000,HOLD
0.882,0.0020,0.0000,0.013,0.000,-0.013,-0.000,HOLD
0.935,0.0078,0.0000,0.053,0.000,-0.053,-0.000,HOLD
0.987,-0.0039,0.0000,-0.026,0.000,0.026,-0.000,HOLD
1.039,0.0039,0.0020,0.013,0.000,-0.013,-0.000,HOLD
1.092,-0.0020,0.0000,-0.013,0.000,0.013,-0.000,HOLD
1.145,0.0000,-0.0039,0.026,0.000,-0.026,-0.000,HOLD
1.197,-0.0020,-0.0020,0.000,0.000,0.000,-0.000,HOLD
1.250,0.0000,-0.0020,0.013,0.000,-0.013,-0.000,HOLD
1.303,0.0020,0.0039,-0.013,0.000,0.013,-0.000,HOLD
1.356,0.0020,0.0000,0.013,0.000,-0.013,-0.000,HOLD
1.407,-0.0020,-0.0039,0.013,0.000,-0.013,-0.000,HOLD
1.460,0.0020,0.0000,0.013,0.000,-0.013,-0.000,HOLD
1.514,0.0000,0.0000,0.000,0.000,0.000,-0.000,HOLD
1.566,0.0039,0.0000,0.026,0.000,-0.026,-0.000,HOLD
1.618,0.0020,0.0020,0.000,0.000,0.000,-0.000,HOLD
1.671,-0.0020,-0.0020,0.000,0.000,0.000,-0.000,HOLD
1.724,0.0000,0.0020,-0.013,0.000,0.013,-0.000,HOLD
1.776,0.0000,0.0020,-0.013,0.000,0.013,-0.000,HOLD
1.828,0.0000,-0.0020,0.013,0.000,-0.013,-0.000,HOLD
1.881,0.0000,-0.0020,0.013,0.000,-0.013,-0.000,HOLD
1.933,0.0020,0.0000,0.013,0.000,-0.013,-0.000,HOLD
1.986,0.0000,0.0020,-0.013,0.000,0.013,-0.000,HOLD
2.038,0.0000,0.0000,0.000,0.000,0.000,-0.000,HOLD
2.090,0.0000,0.0000,0.000,0.000,0.000,-0.000,HOLD
2.144,0.0020,0.0000,0.013,0.000,-0.013,-0.000,HOLD
2.196,0.0059,0.0000,0.040,0.000,-0.040,-0.000,HOLD
2.247,0.0020,0.0000,0.013,0.000,-0.013,-0.000,HOLD
2.301,0.0039,-0.0020,0.040,0.000,-0.040,-0.000,HOLD
2.354,-0.3457,0.3574,-4.748,-4.017,4.748,-4.748,ACTIVE
2.406,-0.5527,0.5625,-7.530,0.000,7.530,-7.530,ACTIVE
2.458,-0.3848,0.3906,-5.236,0.000,5.236,-5.236,ACTIVE
2.511,-0.0977,0.0879,-1.253,0.000,1.253,-1.253,ACTIVE
2.564,-0.1094,0.1074,-1.464,0.000,1.464,-1.464,ACTIVE
2.616,-0.1641,0.1602,-2.189,0.000,2.189,-2.189,ACTIVE
2.668,-0.1621,0.1621,-2.189,0.000,2.189,-2.189,ACTIVE
2.722,-0.1797,0.1699,-2.361,0.000,2.361,-2.361,ACTIVE
2.775,-0.1895,0.1816,-2.506,0.000,2.506,-2.506,ACTIVE
2.826,-0.1875,0.1914,-2.559,0.000,2.559,-2.559,ACTIVE
2.879,-0.2227,0.2266,-3.033,0.000,3.033,-3.033,ACTIVE
2.932,-0.4043,0.4199,-5.565,-4.020,5.565,-5.565,ACTIVE
2.984,-1.8613,1.8770,-25.242,-12.402,25.242,-25.242,ACTIVE
3.036,-4.8516,4.7559,-64.873,-12.338,64.873,-64.873,ACTIVE
3.088,-4.2402,4.2090,-57.052,-16.379,57.052,-57.052,ACTIVE
3.142,-3.1758,3.0664,-42.150,-8.045,42.150,-42.150,ACTIVE
3.193,-1.6465,1.6172,-22.038,-4.170,22.038,-22.038,ACTIVE
3.245,-0.1621,0.1328,-1.991,0.000,1.991,-1.991,ACTIVE
3.298,0.1094,-0.1094,1.477,0.000,-1.477,1.477,ACTIVE
3.351,-0.3281,0.3652,-4.682,0.000,4.682,-4.682,ACTIVE
3.403,-0.3672,0.4062,-5.223,0.000,5.223,-5.223,ACTIVE
3.455,-0.3262,0.3379,-4.484,0.000,4.484,-4.484,ACTIVE
3.508,-0.2656,0.2832,-3.706,0.000,3.706,-3.706,ACTIVE
3.560,-0.2246,0.2266,-3.046,0.000,3.046,-3.046,ACTIVE
3.613,-0.1992,0.1777,-2.545,0.000,2.545,-2.545,ACTIVE
3.665,-0.1504,0.1309,-1.899,0.000,1.899,-1.899,ACTIVE
3.717,-0.1270,0.1172,-1.649,0.000,1.649,-1.649,ACTIVE
3.771,-0.0938,0.0879,-1.227,0.000,1.227,-1.227,ACTIVE
3.823,-0.0508,0.0742,-0.844,0.000,0.844,-0.844,ACTIVE
3.875,-0.0254,0.0371,-0.422,0.000,0.422,-0.422,ACTIVE
3.927,0.0000,0.0020,-0.013,0.000,0.013,-0.000,HOLD
3.981,1.0117,-1.0273,13.769,12.054,-13.769,13.769,ACTIVE
4.033,3.8281,-3.8711,51.988,16.309,-51.988,51.988,ACTIVE
4.085,5.4102,-5.4375,73.247,20.611,-73.247,73.247,ACTIVE
4.137,4.6738,-4.6855,63.198,16.394,-63.198,63.198,ACTIVE
4.190,3.7891,-3.7969,51.223,12.163,-51.223,51.223,ACTIVE
4.242,3.1250,-3.1367,42.281,12.514,-42.281,42.281,ACTIVE
4.294,2.4492,-2.4844,33.313,4.075,-33.313,33.313,ACTIVE
4.346,1.9727,-1.9590,26.548,8.333,-26.548,26.548,ACTIVE
4.399,1.4629,-1.4551,19.703,4.020,-19.703,19.703,ACTIVE
4.452,1.0918,-1.0859,14.705,4.025,-14.705,14.705,ACTIVE
4.505,0.7129,-0.7168,9.654,0.000,-9.654,9.654,ACTIVE
4.557,0.3223,-0.3301,4.405,0.000,-4.405,4.405,ACTIVE
4.609,0.1797,-0.2012,2.572,0.000,-2.572,2.572,ACTIVE
4.661,0.1504,-0.1484,2.018,0.000,-2.018,2.018,ACTIVE
4.714,0.4004,-0.4043,5.434,0.000,-5.434,5.434,ACTIVE
4.765,0.3887,-0.3770,5.170,0.000,-5.170,5.170,ACTIVE
4.819,0.3789,-0.3633,5.012,0.000,-5.012,5.012,ACTIVE
4.873,0.3633,-0.3613,4.893,0.000,-4.893,4.893,ACTIVE
4.925,0.3398,-0.3457,4.629,0.000,-4.629,4.629,ACTIVE
4.977,0.3223,-0.3359,4.444,0.000,-4.444,4.444,ACTIVE
5.030,0.3086,-0.3203,4.247,0.000,-4.247,4.247,ACTIVE
5.083,0.2969,-0.3047,4.062,0.000,-4.062,4.062,ACTIVE
5.135,0.2734,-0.2715,3.680,0.000,-3.680,3.680,ACTIVE
5.187,0.2637,-0.2559,3.508,0.000,-3.508,3.508,ACTIVE
5.240,0.2480,-0.2461,3.337,0.000,-3.337,3.337,ACTIVE
5.293,0.2344,-0.2344,3.165,0.000,-3.165,3.165,ACTIVE
5.345,0.7305,-0.7246,9.825,0.000,-9.825,9.825,ACTIVE
5.398,3.5703,-3.5586,48.137,8.016,-48.137,48.137,ACTIVE
5.451,5.8809,-5.8633,79.301,20.403,-79.301,79.301,ACTIVE
5.504,5.4512,-5.5000,73.946,16.297,-73.946,73.946,ACTIVE
5.555,4.6270,-4.7422,63.264,16.639,-63.264,63.264,ACTIVE
5.608,3.8652,-3.9902,53.043,12.062,-53.043,53.043,ACTIVE
5.662,2.3379,-2.4414,32.272,4.020,-32.272,32.272,ACTIVE
5.714,1.0430,-1.0742,14.296,4.088,-14.296,14.296,ACTIVE
5.765,0.1895,-0.1543,2.321,0.000,-2.321,2.321,ACTIVE
5.819,0.1504,-0.1133,1.780,-4.021,-1.780,1.780,ACTIVE
5.871,0.2207,-0.2207,2.981,0.000,-2.981,2.981,ACTIVE
5.924,0.0879,-0.0801,1.134,0.000,-1.134,1.134,ACTIVE
5.975,0.3281,-0.3281,4.431,0.000,-4.431,4.431,ACTIVE
6.029,0.3398,-0.3711,4.801,0.000,-4.801,4.801,ACTIVE
6.082,0.3203,-0.3496,4.524,0.000,-4.524,4.524,ACTIVE
6.134,0.2754,-0.2812,3.759,0.000,-3.759,3.759,ACTIVE
6.187,0.2930,-0.2637,3.759,0.000,-3.759,3.759,ACTIVE
6.238,0.2637,-0.2617,3.548,0.000,-3.548,3.548,ACTIVE
6.291,0.2500,-0.2637,3.469,0.000,-3.469,3.469,ACTIVE
6.344,0.2168,-0.2129,2.901,0.000,-2.901,2.901,ACTIVE
6.395,0.2051,-0.2148,2.835,0.000,-2.835,2.835,ACTIVE
6.448,0.1914,-0.1934,2.598,0.000,-2.598,2.598,ACTIVE
6.502,0.1543,-0.1484,2.044,0.000,-2.044,2.044,ACTIVE
6.554,0.1523,-0.1543,2.071,0.000,-2.071,2.071,ACTIVE
6.606,0.1406,-0.1523,1.978,0.000,-1.978,1.978,ACTIVE
6.659,0.1094,-0.1055,1.451,0.000,-1.451,1.451,ACTIVE
6.711,0.0957,-0.0898,1.253,0.000,-1.253,1.253,ACTIVE
6.763,0.2617,-0.2754,3.627,0.000,-3.627,3.627,ACTIVE
6.815,0.1816,-0.1816,2.453,0.000,-2.453,2.453,ACTIVE
6.868,-0.2852,0.2871,-3.864,-4.021,3.864,-3.864,ACTIVE
6.921,-1.9023,1.9434,-25.968,-12.067,25.968,-25.968,ACTIVE
6.974,-7.5645,7.5879,-102.314,-28.638,102.314,-102.314,ACTIVE
7.026,-6.5293,6.5781,-88.506,-20.555,88.506,-88.506,ACTIVE
7.079,-6.0273,6.0918,-81.833,-20.102,81.833,-81.833,ACTIVE
7.132,-5.5977,5.6875,-76.202,-20.388,76.202,-76.202,ACTIVE
7.184,-4.2461,4.3574,-58.094,-16.470,58.094,-58.094,ACTIVE
7.236,-3.6113,3.6035,-48.717,-8.186,48.717,-48.717,ACTIVE
7.288,-2.8887,2.9062,-39.129,-12.452,39.129,-39.129,ACTIVE
7.340,-2.4473,2.4551,-33.102,-8.152,33.102,-33.102,ACTIVE
7.393,-2.0410,2.0820,-27.840,-8.148,27.840,-27.840,ACTIVE
7.444,-1.5898,1.5879,-21.457,-4.170,21.457,-21.457,ACTIVE
7.498,-0.9590,0.9434,-12.845,0.000,12.845,-12.845,ACTIVE
7.551,-0.5371,0.5293,-7.201,0.000,7.201,-7.201,ACTIVE
7.603,-0.2227,0.2051,-2.888,0.000,2.888,-2.888,ACTIVE
7.655,-0.0371,0.0332,-0.475,0.000,0.475,-0.475,ACTIVE
7.708,-0.2402,0.2539,-3.337,0.000,3.337,-3.337,ACTIVE
7.761,-0.2539,0.2578,-3.455,0.000,3.455,-3.455,ACTIVE
7.813,-0.2070,0.2305,-2.954,0.000,2.954,-2.954,ACTIVE
7.866,-0.1855,0.1914,-2.545,0.000,2.545,-2.545,ACTIVE
7.920,-0.1836,0.1719,-2.400,0.000,2.400,-2.400,ACTIVE
7.973,-0.1738,0.1582,-2.242,0.000,2.242,-2.242,ACTIVE
8.024,-0.1211,0.1113,-1.569,0.000,1.569,-1.569,ACTIVE
8.077,-0.0957,0.0977,-1.306,0.000,1.306,-1.306,ACTIVE
8.130,-0.0742,0.0820,-1.055,0.000,1.055,-1.055,ACTIVE
8.182,-0.0586,0.0645,-0.831,0.000,0.831,-0.831,ACTIVE
8.234,0.0039,0.0000,0.026,0.000,-0.026,-0.000,HOLD
8.286,0.0117,-0.0234,0.237,0.000,-0.237,-0.000,HOLD
8.339,0.0137,-0.0293,0.290,0.000,-0.290,-0.000,HOLD
8.391,0.0332,-0.0508,0.567,0.000,-0.567,0.567,ACTIVE
8.443,0.0645,-0.0586,0.831,0.000,-0.831,0.831,ACTIVE
8.495,0.0820,-0.0684,1.015,0.000,-1.015,1.015,ACTIVE
8.549,0.0840,-0.0781,1.095,0.000,-1.095,1.095,ACTIVE
8.601,0.0859,-0.0859,1.161,0.000,-1.161,1.161,ACTIVE
8.653,0.0957,-0.1016,1.332,0.000,-1.332,1.332,ACTIVE
8.705,0.1133,-0.1094,1.503,0.000,-1.503,1.503,ACTIVE
8.758,0.1133,-0.1172,1.556,0.000,-1.556,1.556,ACTIVE
8.811,0.1152,-0.1152,1.556,0.000,-1.556,1.556,ACTIVE
8.863,0.1211,-0.1191,1.622,0.000,-1.622,1.622,ACTIVE
8.915,0.1426,-0.1367,1.886,0.000,-1.886,1.886,ACTIVE
8.968,0.0840,-0.1074,1.292,-4.019,-1.292,1.292,ACTIVE
9.023,-2.5781,2.6172,-35.081,-15.798,35.081,-35.081,ACTIVE
9.075,-6.5527,6.5820,-88.691,-24.669,88.691,-88.691,ACTIVE
9.127,-5.5547,5.6348,-75.555,-16.348,75.555,-75.555,ACTIVE
9.180,-4.4082,4.3496,-59.136,-12.069,59.136,-59.136,ACTIVE
9.233,-2.4473,2.3652,-32.496,-8.184,32.496,-32.496,ACTIVE
9.285,-1.2051,1.1738,-16.063,-4.090,16.063,-16.063,ACTIVE
9.337,0.1777,-0.1758,2.387,-4.172,-2.387,2.387,ACTIVE
9.390,0.4922,-0.4395,6.291,4.021,-6.291,6.291,ACTIVE
9.442,0.5840,-0.5371,7.570,0.000,-7.570,7.570,ACTIVE
9.494,0.7363,-0.7188,9.825,4.170,-9.825,9.825,ACTIVE
9.547,0.6992,-0.7070,9.496,4.020,-9.496,9.496,ACTIVE
9.600,0.8066,-0.8359,11.091,0.000,-11.091,11.091,ACTIVE
9.653,0.8281,-0.8789,11.527,4.093,-11.527,11.527,ACTIVE
9.705,0.9648,-0.9863,13.175,4.112,-13.175,13.175,ACTIVE
9.758,0.9395,-0.9434,12.713,4.021,-12.713,12.713,ACTIVE
9.811,1.1816,-1.1602,15.813,4.058,-15.813,15.813,ACTIVE
9.863,1.3301,-1.3008,17.765,8.281,-17.765,17.765,ACTIVE
9.914,1.5234,-1.5000,20.415,4.171,-20.415,20.415,ACTIVE
9.966,1.3066,-1.3066,17.646,4.082,-17.646,17.646,ACTIVE
10.018,1.0059,-1.0273,13.729,4.142,-13.729,13.729,ACTIVE
10.070,0.8906,-0.9180,12.212,4.140,-12.212,12.212,ACTIVE
10.122,0.6719,-0.6855,9.166,0.000,-9.166,9.166,ACTIVE
10.174,0.3457,-0.3496,4.695,0.000,-4.695,4.695,ACTIVE
10.225,-0.0566,0.0684,-0.844,0.000,0.844,-0.844,ACTIVE
10.278,-0.0098,0.0176,-0.185,0.000,0.185,-0.000,HOLD
10.330,0.0117,0.0098,0.013,0.000,-0.013,-0.000,HOLD
10.382,0.0117,-0.0098,0.145,0.000,-0.145,-0.000,HOLD
10.435,-0.0059,-0.0020,-0.026,0.000,0.026,-0.000,HOLD
10.486,0.0098,-0.0117,0.145,0.000,-0.145,-0.000,HOLD
10.538,0.0254,-0.0254,0.343,0.000,-0.343,0.343,ACTIVE
10.590,1.1250,-1.1289,15.219,4.143,-15.219,15.219,ACTIVE
10.642,4.1348,-4.1797,56.142,12.311,-56.142,56.142,ACTIVE
10.693,4.1914,-4.1914,56.604,16.700,-56.604,56.604,ACTIVE
10.746,3.7832,-3.8086,51.263,12.241,-51.263,51.263,ACTIVE
10.800,3.2695,-3.2500,44.022,11.893,-44.022,44.022,ACTIVE
10.852,2.7285,-2.7598,37.059,8.239,-37.059,37.059,ACTIVE
10.904,2.0410,-2.0391,27.550,4.115,-27.550,27.550,ACTIVE
10.958,1.2754,-1.2695,17.184,3.967,-17.184,17.184,ACTIVE
11.010,0.6406,-0.6445,8.678,0.000,-8.678,8.678,ACTIVE
11.062,0.3594,-0.3516,4.801,0.000,-4.801,4.801,ACTIVE
11.113,0.2695,-0.2734,3.666,0.000,-3.666,3.666,ACTIVE
11.165,0.1953,-0.2031,2.690,0.000,-2.690,2.690,ACTIVE
11.217,0.3535,-0.3477,4.735,0.000,-4.735,4.735,ACTIVE
11.269,0.3457,-0.3496,4.695,0.000,-4.695,4.695,ACTIVE
11.320,0.3281,-0.3379,4.497,0.000,-4.497,4.497,ACTIVE
11.372,0.3301,-0.3281,4.444,0.000,-4.444,4.444,ACTIVE
11.423,0.3086,-0.3105,4.181,0.000,-4.181,4.181,ACTIVE
11.475,0.3047,-0.2988,4.075,0.000,-4.075,4.075,ACTIVE
11.527,0.2910,-0.2910,3.930,0.000,-3.930,3.930,ACTIVE
11.578,0.2812,-0.2832,3.811,0.000,-3.811,3.811,ACTIVE
11.630,0.5098,-0.5078,6.871,4.143,-6.871,6.871,ACTIVE
11.682,6.6504,-6.6543,89.838,20.723,-89.838,89.838,ACTIVE
11.734,6.4688,-6.5039,87.596,24.584,-87.596,87.596,ACTIVE
11.785,5.8438,-5.9570,79.683,16.729,-79.683,79.683,ACTIVE
11.837,5.1055,-5.2051,69.621,16.587,-69.621,69.621,ACTIVE
11.888,4.0293,-4.1328,55.114,16.703,-55.114,55.114,ACTIVE
11.940,3.2383,-3.2793,44.009,8.278,-44.009,44.009,ACTIVE
11.992,2.6191,-2.6152,35.344,8.262,-35.344,35.344,ACTIVE
12.044,1.9512,-1.9746,26.508,4.123,-26.508,26.508,ACTIVE
12.096,1.3574,-1.3418,18.226,4.144,-18.226,18.226,ACTIVE
12.150,0.5176,-0.5273,7.056,0.000,-7.056,7.056,ACTIVE
12.201,0.2168,-0.2051,2.849,0.000,-2.849,2.849,ACTIVE
12.253,0.2930,-0.2793,3.864,-4.173,-3.864,3.864,ACTIVE
12.305,0.4199,-0.4219,5.684,0.000,-5.684,5.684,ACTIVE
12.359,0.3770,-0.3516,4.919,0.000,-4.919,4.919,ACTIVE
12.411,0.3457,-0.3418,4.642,0.000,-4.642,4.642,ACTIVE
12.462,0.3574,-0.3555,4.814,0.000,-4.814,4.814,ACTIVE
12.514,0.1738,-0.2285,2.717,-4.142,-2.717,2.717,ACTIVE
12.566,0.2734,-0.2930,3.825,0.000,-3.825,3.825,ACTIVE
12.618,0.5371,-0.5508,7.346,0.000,-7.346,7.346,ACTIVE
12.669,0.4902,-0.4688,6.475,0.000,-6.475,6.475,ACTIVE
12.721,0.4785,-0.4609,6.344,0.000,-6.344,6.344,ACTIVE
12.773,0.4219,-0.4355,5.790,0.000,-5.790,5.790,ACTIVE
12.825,0.4121,-0.4004,5.486,0.000,-5.486,5.486,ACTIVE
12.877,0.6914,-0.6914,9.337,4.140,-9.337,9.337,ACTIVE
12.929,3.0469,-3.0859,41.411,20.672,-41.411,41.411,ACTIVE
12.981,8.0723,-8.1270,109.383,28.595,-109.383,109.383,ACTIVE
13.033,7.2793,-7.2793,98.305,24.593,-98.305,98.305,ACTIVE
13.085,6.5039,-6.5566,88.190,20.846,-88.190,88.190,ACTIVE
13.136,5.4570,-5.4727,73.801,16.709,-73.801,73.801,ACTIVE
13.188,4.1953,-4.2422,56.973,12.432,-56.973,56.973,ACTIVE
13.240,3.2109,-3.2695,43.759,12.360,-43.759,43.759,ACTIVE
13.292,2.3945,-2.3691,32.166,4.139,-32.166,32.166,ACTIVE
13.343,1.4316,-1.4121,19.202,4.133,-19.202,19.202,ACTIVE
13.395,0.6465,-0.5918,8.361,0.000,-8.361,8.361,ACTIVE
13.447,0.2246,-0.2344,3.099,0.000,-3.099,3.099,ACTIVE
13.499,-0.0703,0.0664,-0.923,-4.131,0.923,-0.923,ACTIVE
13.551,0.0000,-0.0312,0.211,-4.116,-0.211,0.206,HOLD
13.602,-0.0332,0.0215,-0.369,0.000,0.369,-0.369,ACTIVE
13.654,0.2090,-0.2148,2.862,-4.141,-2.862,2.862,ACTIVE
13.706,0.3066,-0.2852,3.996,0.000,-3.996,3.996,ACTIVE
13.757,0.3438,-0.3477,4.669,0.000,-4.669,4.669,ACTIVE
13.809,0.5938,-0.5742,7.887,0.000,-7.887,7.887,ACTIVE
13.861,0.4863,-0.5078,6.713,0.000,-6.713,6.713,ACTIVE
13.912,0.4883,-0.4961,6.647,0.000,-6.647,6.647,ACTIVE
13.964,0.4395,-0.4512,6.014,0.000,-6.014,6.014,ACTIVE
14.016,0.4102,-0.4180,5.592,0.000,-5.592,5.592,ACTIVE
14.068,0.3809,-0.3770,5.117,0.000,-5.117,5.117,ACTIVE
14.121,0.3457,-0.3379,4.616,0.000,-4.616,4.616,ACTIVE
14.172,0.3223,-0.3105,4.273,0.000,-4.273,4.273,ACTIVE
14.225,0.2871,-0.2773,3.811,0.000,-3.811,3.811,ACTIVE
14.276,0.2500,-0.2539,3.403,0.000,-3.403,3.403,ACTIVE
14.328,0.2148,-0.2227,2.954,0.000,-2.954,2.954,ACTIVE
14.381,0.1543,-0.1543,2.084,0.000,-2.084,2.084,ACTIVE
14.433,0.1250,-0.1191,1.649,0.000,-1.649,1.649,ACTIVE
14.485,0.0898,-0.0840,1.174,0.000,-1.174,1.174,ACTIVE
14.537,0.0586,-0.0566,0.778,0.000,-0.778,0.778,ACTIVE
14.589,0.0234,-0.0254,0.330,0.000,-0.330,0.330,ACTIVE
14.641,0.0000,0.0020,-0.013,0.000,0.013,-0.000,HOLD
14.694,-0.0352,0.0273,-0.422,0.000,0.422,-0.422,ACTIVE
14.745,-0.0527,0.0508,-0.699,0.000,0.699,-0.699,ACTIVE
14.797,-0.5430,0.5098,-7.108,-4.140,7.108,-7.108,ACTIVE
14.850,-3.5625,3.5352,-47.926,-12.236,47.926,-47.926,ACTIVE
14.901,-5.9863,5.9766,-80.778,-20.879,80.778,-80.778,ACTIVE
14.954,-5.9062,5.9238,-79.881,-20.266,79.881,-79.881,ACTIVE
15.005,-5.4824,5.4824,-74.039,-16.561,74.039,-74.039,ACTIVE
15.059,-5.2344,5.2617,-70.874,-16.085,70.874,-70.874,ACTIVE
15.111,-4.3711,4.3906,-59.162,-12.399,59.162,-59.162,ACTIVE
15.164,-3.6211,3.6328,-48.981,-12.150,48.981,-48.981,ACTIVE
15.217,-2.9727,3.0039,-40.356,-8.043,40.356,-40.356,ACTIVE
15.269,-2.5117,2.5645,-34.276,-8.147,34.276,-34.276,ACTIVE
15.321,-2.1152,2.1699,-28.935,-4.173,28.935,-28.935,ACTIVE
15.374,-1.7734,1.8066,-24.174,-4.022,24.174,-24.174,ACTIVE
15.427,-1.4258,1.4238,-19.242,0.000,19.242,-19.242,ACTIVE
15.480,-0.4766,0.4453,-6.225,-4.079,6.225,-6.225,ACTIVE
15.532,-0.3887,0.3652,-5.091,0.000,5.091,-5.091,ACTIVE
15.586,-0.3457,0.3477,-4.682,4.013,4.682,-4.682,ACTIVE
15.639,-0.3008,0.3105,-4.128,0.000,4.128,-4.128,ACTIVE
15.691,-0.4863,0.5137,-6.752,0.000,6.752,-6.752,ACTIVE
15.744,-0.3965,0.4238,-5.539,0.000,5.539,-5.539,ACTIVE
15.797,-1.2754,1.3203,-17.527,-4.022,17.527,-17.527,ACTIVE
15.850,-3.1270,3.1484,-42.374,-8.165,42.374,-42.374,ACTIVE
15.902,-5.8574,5.9688,-79.855,-20.534,79.855,-79.855,ACTIVE
15.955,-5.7500,5.8027,-78.008,-16.216,78.008,-78.008,ACTIVE
16.007,-4.7812,4.7891,-64.622,-12.230,64.622,-64.622,ACTIVE
16.060,-4.0059,4.0703,-54.533,-12.273,54.533,-54.533,ACTIVE
16.112,-3.4453,3.4688,-46.686,-8.222,46.686,-46.686,ACTIVE
16.164,-2.9707,2.9863,-40.224,-8.159,40.224,-40.224,ACTIVE
16.218,-2.2207,2.2109,-29.924,-4.020,29.924,-29.924,ACTIVE
16.270,-1.3027,1.3047,-17.606,0.000,17.606,-17.606,ACTIVE
16.321,-0.7090,0.7148,-9.614,0.000,9.614,-9.614,ACTIVE
16.374,-0.5508,0.5742,-7.596,0.000,7.596,-7.596,ACTIVE
16.428,-0.5723,0.5781,-7.768,0.000,7.768,-7.768,ACTIVE
16.480,-0.8320,0.8203,-11.157,0.000,11.157,-11.157,ACTIVE
16.532,-0.7637,0.7578,-10.274,0.000,10.274,-10.274,ACTIVE
16.585,-0.7402,0.7324,-9.944,0.000,9.944,-9.944,ACTIVE
16.640,-0.7090,0.7129,-9.601,0.000,9.601,-9.601,ACTIVE
16.694,-0.6738,0.6836,-9.166,0.000,9.166,-9.166,ACTIVE
16.748,-0.6426,0.6543,-8.757,0.000,8.757,-8.757,ACTIVE
16.800,-0.6055,0.6152,-8.243,0.000,8.243,-8.243,ACTIVE
16.853,-0.5742,0.5723,-7.741,0.000,7.741,-7.741,ACTIVE
16.907,-0.5391,0.5352,-7.254,0.000,7.254,-7.254,ACTIVE
16.959,-0.1172,0.1211,-1.609,4.122,1.609,-1.609,ACTIVE
17.011,3.2031,-3.1445,42.862,20.841,-42.862,42.862,ACTIVE
17.064,7.0684,-7.0605,95.404,28.161,-95.404,95.404,ACTIVE
17.117,7.4922,-7.5332,101.457,24.319,-101.457,101.457,ACTIVE
17.169,6.6504,-6.6934,90.102,24.538,-90.102,90.102,ACTIVE
17.221,6.1465,-6.2734,83.864,20.551,-83.864,83.864,ACTIVE
17.275,5.5449,-5.5684,75.041,20.128,-75.041,75.041,ACTIVE
17.326,4.7539,-4.7695,64.306,16.683,-64.306,64.306,ACTIVE
17.379,3.4980,-3.5801,47.794,12.209,-47.794,47.794,ACTIVE
17.431,2.9707,-3.0527,40.672,12.286,-40.672,40.672,ACTIVE
17.482,2.3672,-2.4277,32.377,8.344,-32.377,32.377,ACTIVE
17.536,1.4648,-1.4551,19.716,8.038,-19.716,19.716,ACTIVE
17.588,0.6992,-0.6855,9.350,4.070,-9.350,9.350,ACTIVE
17.640,-0.1152,0.1582,-1.846,0.000,1.846,-1.846,ACTIVE
17.692,-0.2324,0.2383,-3.178,0.000,3.178,-3.178,ACTIVE
17.746,-0.0371,0.0391,-0.514,0.000,0.514,-0.514,ACTIVE
17.797,-0.0234,0.0020,-0.171,0.000,0.171,-0.000,HOLD
17.849,-0.0488,0.0156,-0.435,0.000,0.435,-0.435,ACTIVE
17.901,-0.0273,0.0293,-0.382,0.000,0.382,-0.382,ACTIVE
17.954,-0.0488,0.0605,-0.739,0.000,0.739,-0.739,ACTIVE
18.007,-0.0449,0.0684,-0.765,0.000,0.765,-0.765,ACTIVE
18.059,-0.0547,0.0742,-0.870,0.000,0.870,-0.870,ACTIVE
18.110,-0.0723,0.0703,-0.963,0.000,0.963,-0.963,ACTIVE
18.164,-0.0859,0.0645,-1.015,0.000,1.015,-1.015,ACTIVE
18.215,-0.0957,0.0742,-1.147,0.000,1.147,-1.147,ACTIVE
18.269,-0.0938,0.0879,-1.227,0.000,1.227,-1.227,ACTIVE
18.323,-0.1035,0.1035,-1.398,0.000,1.398,-1.398,ACTIVE
18.376,-0.0918,0.1152,-1.398,0.000,1.398,-1.398,ACTIVE
18.429,-0.1152,0.1191,-1.583,0.000,1.583,-1.583,ACTIVE
18.481,-0.1191,0.1152,-1.583,0.000,1.583,-1.583,ACTIVE
18.534,-0.1348,0.1191,-1.714,0.000,1.714,-1.714,ACTIVE
18.587,-0.1328,0.1250,-1.741,0.000,1.741,-1.741,ACTIVE
18.639,-0.1348,0.1406,-1.860,0.000,1.860,-1.860,ACTIVE
18.690,-0.1094,0.1230,-1.569,0.000,1.569,-1.569,ACTIVE
18.743,0.1777,-0.1543,2.242,0.000,-2.242,2.242,ACTIVE
18.795,-0.9590,0.9570,-12.938,-4.079,12.938,-12.938,ACTIVE
18.848,-2.0000,2.0371,-27.260,-8.152,27.260,-27.260,ACTIVE
18.899,-3.4941,3.5391,-47.491,-12.507,47.491,-47.491,ACTIVE
18.953,-5.3750,5.4062,-72.799,-20.117,72.799,-72.799,ACTIVE
19.005,-7.7461,7.8418,-105.255,-24.476,105.255,-105.255,ACTIVE
19.058,-9.1836,9.2109,-124.207,-32.622,124.207,-124.207,ACTIVE
19.109,-8.0410,8.1133,-109.080,-25.028,109.080,-109.080,ACTIVE
19.162,-7.0508,7.1465,-95.865,-20.085,95.865,-95.865,ACTIVE
19.216,-5.7129,5.7246,-77.230,-16.079,77.230,-77.230,ACTIVE
19.268,-4.5957,4.6660,-62.539,-16.345,62.539,-62.539,ACTIVE
19.319,-3.8789,3.9082,-52.581,-8.346,52.581,-52.581,ACTIVE
19.373,-3.1797,3.2266,-43.257,-7.932,43.257,-43.257,ACTIVE
19.425,-2.6367,2.6387,-35.621,-8.281,35.621,-35.621,ACTIVE
19.478,-0.8027,0.8008,-10.828,0.000,10.828,-10.828,ACTIVE
19.530,-0.4414,0.4414,-5.961,0.000,5.961,-5.961,ACTIVE
19.583,-0.4434,0.4492,-6.027,0.000,6.027,-6.027,ACTIVE
19.635,-0.6016,0.5977,-8.098,0.000,8.098,-8.098,ACTIVE
19.687,-0.5762,0.5820,-7.821,0.000,7.821,-7.821,ACTIVE
19.739,-0.5527,0.5664,-7.557,0.000,7.557,-7.557,ACTIVE
19.792,-0.5312,0.5293,-7.161,0.000,7.161,-7.161,ACTIVE
19.844,-0.5117,0.5039,-6.858,0.000,6.858,-6.858,ACTIVE
19.896,-0.4883,0.4922,-6.620,0.000,6.620,-6.620,ACTIVE
19.948,-0.4668,0.4707,-6.330,0.000,6.330,-6.330,ACTIVE
20.000,-0.4473,0.4473,-6.040,0.000,6.040,-6.040,ACTIVE
20.053,-0.4277,0.4277,-5.776,0.000,5.776,-5.776,ACTIVE
20.106,-0.4043,0.4062,-5.473,0.000,5.473,-5.473,ACTIVE
20.158,-0.3848,0.3887,-5.223,0.000,5.223,-5.223,ACTIVE
20.210,-0.3652,0.3672,-4.946,0.000,4.946,-4.946,ACTIVE
20.264,-0.3477,0.3477,-4.695,0.000,4.695,-4.695,ACTIVE
20.317,-0.3281,0.3242,-4.405,0.000,4.405,-4.405,ACTIVE
20.369,-0.3066,0.3105,-4.167,0.000,4.167,-4.167,ACTIVE
20.422,-0.2891,0.2891,-3.904,0.000,3.904,-3.904,ACTIVE
20.475,-0.2695,0.2715,-3.653,0.000,3.653,-3.653,ACTIVE
20.527,-0.2305,0.2305,-3.112,0.000,3.112,-3.112,ACTIVE
20.580,-0.2129,0.2148,-2.888,0.000,2.888,-2.888,ACTIVE
20.633,-0.1934,0.1953,-2.624,0.000,2.624,-2.624,ACTIVE
20.686,-0.5312,0.5410,-7.240,0.000,7.240,-7.240,ACTIVE
20.738,-0.7637,0.7598,-10.287,0.000,10.287,-10.287,ACTIVE
20.791,-0.8379,0.8398,-11.329,-4.074,11.329,-11.329,ACTIVE
20.844,-1.4570,1.4551,-19.664,-4.077,19.664,-19.664,ACTIVE
20.897,-3.7969,3.8164,-51.408,-11.986,51.408,-51.408,ACTIVE
20.949,-7.0098,7.0215,-94.744,-25.024,94.744,-94.744,ACTIVE
21.002,-7.2129,7.2129,-97.408,-24.111,97.408,-97.408,ACTIVE
21.055,-5.4883,5.4141,-73.617,-16.088,73.617,-73.617,ACTIVE
21.107,-3.8262,3.7480,-51.144,-8.182,51.144,-51.144,ACTIVE
21.159,-2.2051,2.1426,-29.357,-4.169,29.357,-29.357,ACTIVE
21.212,-0.4746,0.5000,-6.581,0.000,6.581,-6.581,ACTIVE
21.266,-0.3633,0.3867,-5.064,0.000,5.064,-5.064,ACTIVE
21.318,-0.1055,0.1348,-1.622,0.000,1.622,-1.622,ACTIVE
21.371,0.0234,-0.0195,0.290,4.051,-0.290,-0.203,HOLD
21.424,-0.0098,0.0098,-0.132,0.000,0.132,-0.000,HOLD
21.477,0.0000,-0.0195,0.132,0.000,-0.132,-0.000,HOLD
21.528,-0.0078,0.0000,-0.053,4.154,0.053,-0.208,HOLD
21.581,0.0117,-0.0020,0.092,0.000,-0.092,-0.000,HOLD
21.636,0.0117,0.0000,0.079,0.000,-0.079,-0.000,HOLD
21.688,0.0078,0.0098,-0.013,0.000,0.013,-0.000,HOLD
21.740,0.0156,-0.0156,0.211,0.000,-0.211,-0.000,HOLD
21.792,0.0352,-0.0410,0.514,0.000,-0.514,0.514,ACTIVE
21.846,0.0469,-0.0586,0.712,0.000,-0.712,0.712,ACTIVE
21.897,0.0703,-0.0859,1.055,0.000,-1.055,1.055,ACTIVE
21.948,0.0664,-0.0703,0.923,0.000,-0.923,0.923,ACTIVE
22.000,0.1211,-0.1172,1.609,0.000,-1.609,1.609,ACTIVE
22.052,-0.1699,0.1992,-2.493,0.000,2.493,-2.493,ACTIVE
22.104,-0.2070,0.2148,-2.849,0.000,2.849,-2.849,ACTIVE
22.155,-0.7441,0.7949,-10.392,-4.138,10.392,-10.392,ACTIVE
22.207,-3.5215,3.6152,-48.190,-20.760,48.190,-48.190,ACTIVE
22.258,-8.3125,8.4062,-112.891,-29.241,112.891,-112.891,ACTIVE
22.310,-6.3418,6.3457,-85.671,-12.426,85.671,-85.671,ACTIVE
22.362,-1.3359,1.3027,-17.817,-4.142,17.817,-17.817,ACTIVE
22.413,0.3828,-0.3105,4.682,4.143,-4.682,4.682,ACTIVE
22.465,0.4375,-0.4141,5.750,0.000,-5.750,5.750,ACTIVE
22.517,0.6074,-0.5117,7.557,4.149,-7.557,7.557,ACTIVE
22.568,1.0137,-0.9824,13.478,4.174,-13.478,13.478,ACTIVE
22.620,0.9395,-0.9199,12.555,0.000,-12.555,12.555,ACTIVE
22.672,1.0195,-1.0996,14.309,8.285,-14.309,14.309,ACTIVE
22.723,1.5254,-1.6094,21.167,4.144,-21.167,21.167,ACTIVE
22.775,1.7891,-1.8848,24.807,8.279,-24.807,24.807,ACTIVE
22.827,2.6621,-2.6016,35.542,8.295,-35.542,35.542,ACTIVE
22.879,3.2070,-3.1465,42.901,12.312,-42.901,42.901,ACTIVE
22.930,3.5605,-3.5332,47.900,12.536,-47.900,47.900,ACTIVE
22.983,3.9160,-3.9805,53.320,12.308,-53.320,53.320,ACTIVE
23.034,4.3379,-4.3516,58.674,16.701,-58.674,58.674,ACTIVE
23.086,4.8633,-4.8516,65.598,20.469,-65.598,65.598,ACTIVE
23.138,5.1836,-5.2031,70.135,16.698,-70.135,70.135,ACTIVE
23.189,5.3691,-5.3828,72.601,20.724,-72.601,72.601,ACTIVE
23.241,5.4395,-5.5137,73.960,20.726,-73.960,73.960,ACTIVE
23.293,5.7090,-5.7363,77.283,20.695,-77.283,77.283,ACTIVE
23.345,5.9531,-5.9746,80.541,24.854,-80.541,80.541,ACTIVE
23.397,6.1055,-6.1504,82.756,24.673,-82.756,82.756,ACTIVE
23.448,6.2852,-6.3418,85.262,20.838,-85.262,85.262,ACTIVE
23.500,6.5352,-6.6152,88.796,29.007,-88.796,88.796,ACTIVE
23.552,6.6406,-6.6836,89.970,24.805,-89.970,89.970,ACTIVE
23.603,6.5762,-6.6719,89.456,24.862,-89.456,89.456,ACTIVE
23.655,6.1211,-6.1855,83.099,24.826,-83.099,83.099,ACTIVE
23.707,4.6172,-4.6797,62.776,16.535,-62.776,62.776,ACTIVE
23.759,2.4785,-2.5020,33.630,8.264,-33.630,33.630,ACTIVE
23.810,1.3730,-1.3906,18.661,8.288,-18.661,18.661,ACTIVE
23.862,0.9766,-1.0039,13.373,4.141,-13.373,13.373,ACTIVE
23.914,0.6094,-0.6484,8.493,8.281,-8.493,8.493,ACTIVE
23.966,0.3906,-0.4141,5.434,4.098,-5.434,5.434,ACTIVE
24.018,0.1055,-0.1016,1.398,0.000,-1.398,1.398,ACTIVE
24.070,-0.2305,0.2383,-3.165,4.115,3.165,-3.165,ACTIVE
24.124,-0.3555,0.3633,-4.853,0.000,4.853,-4.853,ACTIVE
24.176,-0.5820,0.5898,-7.913,0.000,7.913,-7.913,ACTIVE
24.230,-0.6445,0.6426,-8.691,0.000,8.691,-8.691,ACTIVE
24.281,-0.7363,0.7480,-10.023,0.000,10.023,-10.023,ACTIVE
24.333,-0.8574,0.8379,-11.447,0.000,11.447,-11.447,ACTIVE
24.385,-0.8457,0.8457,-11.421,0.000,11.421,-11.421,ACTIVE
24.437,-0.8066,0.8203,-10.986,0.000,10.986,-10.986,ACTIVE
24.488,-0.8125,0.8203,-11.025,0.000,11.025,-11.025,ACTIVE
24.540,-0.8223,0.8320,-11.170,0.000,11.170,-11.170,ACTIVE
24.591,-0.8164,0.8203,-11.052,0.000,11.052,-11.052,ACTIVE
24.643,-0.8145,0.8203,-11.039,0.000,11.039,-11.039,ACTIVE
24.696,-0.8027,0.8145,-10.920,0.000,10.920,-10.920,ACTIVE
24.747,-0.7949,0.8145,-10.867,0.000,10.867,-10.867,ACTIVE
24.798,-0.8086,0.8086,-10.920,0.000,10.920,-10.920,ACTIVE
24.850,-0.8086,0.8086,-10.920,0.000,10.920,-10.920,ACTIVE
24.902,-0.7793,0.7871,-10.577,0.000,10.577,-10.577,ACTIVE
24.954,-0.7930,0.8008,-10.762,0.000,10.762,-10.762,ACTIVE
25.006,-0.7832,0.7852,-10.590,0.000,10.590,-10.590,ACTIVE
25.058,-0.7754,0.7773,-10.485,0.000,10.485,-10.485,ACTIVE
25.111,-0.7656,0.7695,-10.366,0.000,10.366,-10.366,ACTIVE
25.163,-0.7500,0.7539,-10.155,0.000,10.155,-10.155,ACTIVE
25.215,-0.7441,0.7500,-10.089,0.000,10.089,-10.089,ACTIVE
25.266,-0.7363,0.7402,-9.970,0.000,9.970,-9.970,ACTIVE
25.318,-0.7246,0.7285,-9.812,0.000,9.812,-9.812,ACTIVE
25.371,-0.7090,0.7188,-9.641,0.000,9.641,-9.641,ACTIVE
25.423,-0.6934,0.7090,-9.469,0.000,9.469,-9.469,ACTIVE
25.474,-0.6816,0.6973,-9.311,0.000,9.311,-9.311,ACTIVE
25.526,-0.6562,0.6738,-8.981,0.000,8.981,-8.981,ACTIVE
25.579,-0.6387,0.6602,-8.770,0.000,8.770,-8.770,ACTIVE
25.630,-0.6250,0.6445,-8.572,0.000,8.572,-8.572,ACTIVE
25.682,-0.6191,0.6191,-8.361,0.000,8.361,-8.361,ACTIVE
25.733,-0.6094,0.6016,-8.177,0.000,8.177,-8.177,ACTIVE
25.785,-0.5938,0.5820,-7.939,0.000,7.939,-7.939,ACTIVE
25.837,-0.5742,0.5684,-7.715,0.000,7.715,-7.715,ACTIVE
25.891,-0.5449,0.5469,-7.372,0.000,7.372,-7.372,ACTIVE
25.943,-0.5195,0.5312,-7.095,0.000,7.095,-7.095,ACTIVE
25.995,-0.5000,0.5059,-6.792,0.000,6.792,-6.792,ACTIVE
26.047,-0.4824,0.4746,-6.462,0.000,6.462,-6.462,ACTIVE
26.099,-0.4492,0.4395,-6.001,4.071,6.001,-6.001,ACTIVE
26.151,-0.4082,0.4043,-5.486,0.000,5.486,-5.486,ACTIVE
26.203,-0.3809,0.3828,-5.157,0.000,5.157,-5.157,ACTIVE
26.255,-0.3633,0.3691,-4.946,0.000,4.946,-4.946,ACTIVE
26.306,-0.3281,0.3438,-4.537,0.000,4.537,-4.537,ACTIVE
26.358,-0.3047,0.3086,-4.141,0.000,4.141,-4.141,ACTIVE
26.410,-0.2793,0.2773,-3.759,0.000,3.759,-3.759,ACTIVE
26.461,-0.2480,0.2441,-3.323,0.000,3.323,-3.323,ACTIVE
26.513,-0.2168,0.2168,-2.928,0.000,2.928,-2.928,ACTIVE
26.565,-0.1875,0.1895,-2.545,0.000,2.545,-2.545,ACTIVE
26.616,-0.1523,0.1582,-2.097,0.000,2.097,-2.097,ACTIVE
26.668,-0.1270,0.1211,-1.675,0.000,1.675,-1.675,ACTIVE
26.719,-0.0957,0.0938,-1.279,0.000,1.279,-1.279,ACTIVE
26.771,-0.0684,0.0645,-0.897,0.000,0.897,-0.897,ACTIVE
26.823,-0.0352,0.0371,-0.488,0.000,0.488,-0.488,ACTIVE
26.875,0.0137,-0.0176,0.211,0.000,-0.211,-0.000,HOLD
26.928,0.0410,-0.0410,0.554,0.000,-0.554,0.554,ACTIVE
26.980,0.0586,-0.0586,0.791,0.000,-0.791,0.791,ACTIVE
27.033,0.0781,-0.0781,1.055,0.000,-1.055,1.055,ACTIVE
27.085,0.0957,-0.0957,1.292,0.000,-1.292,1.292,ACTIVE
27.137,0.3086,-0.3027,4.128,0.000,-4.128,4.128,ACTIVE
27.190,3.2285,-3.1895,43.337,8.160,-43.337,43.337,ACTIVE
27.242,6.8066,-6.7832,91.764,24.693,-91.764,91.764,ACTIVE
27.294,6.1152,-6.1270,82.664,20.375,-82.664,82.664,ACTIVE
27.346,5.5859,-5.6680,75.991,16.645,-75.991,75.991,ACTIVE
27.399,5.0469,-5.1680,68.974,16.088,-68.974,68.974,ACTIVE
27.452,4.2891,-4.3066,58.041,16.094,-58.041,58.041,ACTIVE
27.505,3.3398,-3.3398,45.104,8.172,-45.104,45.104,ACTIVE
27.557,2.5566,-2.5488,34.474,4.113,-34.474,34.474,ACTIVE
27.609,1.8457,-1.8789,25.150,4.085,-25.150,25.150,ACTIVE
27.662,1.1387,-1.1816,15.668,4.021,-15.668,15.668,ACTIVE
27.715,0.4883,-0.5352,6.911,0.000,-6.911,6.911,ACTIVE
27.766,0.2266,-0.2500,3.218,0.000,-3.218,3.218,ACTIVE
27.819,0.1855,-0.1680,2.387,-4.082,-2.387,2.387,ACTIVE
27.871,0.2793,-0.2363,3.482,0.000,-3.482,3.482,ACTIVE
27.924,0.2168,-0.1641,2.572,0.000,-2.572,2.572,ACTIVE
27.975,0.4512,-0.4668,6.198,0.000,-6.198,6.198,ACTIVE
28.029,0.4277,-0.4609,6.001,0.000,-6.001,6.001,ACTIVE
28.080,0.4160,-0.4707,5.987,0.000,-5.987,5.987,ACTIVE
28.133,0.4004,-0.4492,5.737,0.000,-5.737,5.737,ACTIVE
28.184,0.4043,-0.4102,5.499,0.000,-5.499,5.499,ACTIVE
28.236,0.3965,-0.3828,5.262,0.000,-5.262,5.262,ACTIVE
28.288,0.3906,-0.3555,5.038,0.000,-5.038,5.038,ACTIVE
28.340,0.3691,-0.3379,4.774,0.000,-4.774,4.774,ACTIVE
28.393,0.3516,-0.3438,4.695,0.000,-4.695,4.695,ACTIVE
28.445,0.3184,-0.3320,4.392,0.000,-4.392,4.392,ACTIVE
28.498,0.2969,-0.3281,4.220,0.000,-4.220,4.220,ACTIVE
28.552,0.2852,-0.3008,3.956,0.000,-3.956,3.956,ACTIVE
28.604,0.2754,-0.2852,3.785,0.000,-3.785,3.785,ACTIVE
28.656,0.2676,-0.2676,3.614,0.000,-3.614,3.614,ACTIVE
28.709,0.2637,-0.2500,3.469,0.000,-3.469,3.469,ACTIVE
28.761,0.2480,-0.2266,3.205,0.000,-3.205,3.205,ACTIVE
28.813,0.2988,-0.2754,3.877,0.000,-3.877,3.877,ACTIVE
28.865,0.1152,-0.1035,1.477,0.000,-1.477,1.477,ACTIVE
28.917,-0.1855,0.2129,-2.690,-4.077,2.690,-2.690,ACTIVE
28.971,-1.2305,1.2422,-16.696,-8.048,16.696,-16.696,ACTIVE
29.023,-3.4277,3.4473,-46.423,-20.363,46.423,-46.423,ACTIVE
29.075,-6.4863,6.5527,-88.045,-25.018,88.045,-88.045,ACTIVE
29.127,-5.8477,5.9004,-79.327,-20.488,79.327,-79.327,ACTIVE
29.178,-5.0195,5.0566,-68.038,-16.703,68.038,-68.038,ACTIVE
29.230,-4.2676,4.3008,-57.857,-16.564,57.857,-57.857,ACTIVE
29.281,-3.6914,3.6699,-49.706,-12.528,49.706,-49.706,ACTIVE
29.334,-3.0762,3.0586,-41.424,-12.269,41.424,-41.424,ACTIVE
29.386,-2.7227,2.7539,-36.980,-8.219,36.980,-36.980,ACTIVE
29.438,-2.0664,2.1074,-28.183,-4.115,28.183,-28.183,ACTIVE
29.490,-1.3223,1.4141,-18.477,-4.141,18.477,-18.477,ACTIVE
29.542,-0.3926,0.4238,-5.513,0.000,5.513,-5.513,ACTIVE
29.594,0.0156,0.0098,0.040,0.000,-0.040,-0.000,HOLD
29.645,-0.1406,0.0938,-1.583,0.000,1.583,-1.583,ACTIVE
29.698,-0.3066,0.2617,-3.838,0.000,3.838,-3.838,ACTIVE
29.752,-0.2520,0.2363,-3.297,0.000,3.297,-3.297,ACTIVE
29.804,-0.1875,0.1914,-2.559,0.000,2.559,-2.559,ACTIVE
29.855,-0.1504,0.1836,-2.255,0.000,2.255,-2.255,ACTIVE
29.908,-0.1191,0.1523,-1.833,0.000,1.833,-1.833,ACTIVE
29.961,-0.1074,0.1172,-1.517,0.000,1.517,-1.517,ACTIVE
30.014,-0.0820,0.0684,-1.015,0.000,1.015,-1.015,ACTIVE
30.065,-0.0605,0.0312,-0.620,0.000,0.620,-0.620,ACTIVE
30.119,-0.0352,0.0059,-0.277,0.000,0.277,-0.000,HOLD
30.172,0.0156,-0.0215,0.251,0.000,-0.251,-0.000,HOLD
30.224,0.0781,-0.0566,0.910,0.000,-0.910,0.910,ACTIVE
30.276,0.1055,-0.0879,1.306,0.000,-1.306,1.306,ACTIVE
30.328,0.1074,-0.1074,1.451,0.000,-1.451,1.451,ACTIVE
30.382,0.1211,-0.1367,1.741,0.000,-1.741,1.741,ACTIVE
30.433,0.1348,-0.1445,1.886,0.000,-1.886,1.886,ACTIVE
30.486,0.1523,-0.1543,2.071,0.000,-2.071,2.071,ACTIVE
30.539,0.1738,-0.1738,2.348,0.000,-2.348,2.348,ACTIVE
30.591,0.1816,-0.1777,2.427,0.000,-2.427,2.427,ACTIVE
